{"1": "POST _scripts/1\n {\n  \"script\": {\n \"lang\": \"mustache\",\n \"source\": {\n   \"track_total_hits\": \"true\",\n   \"query\": {\n   \"term\": {\n   \"{{field}}\": \"{{date}}\"\n   }\n   }\n },\n \"params\": {\n   \"field\": \"DATA.RECVDATE.keyword\",\n   \"date\": \"01/01/2012\"\n }\n  }\n }", "2": "POST _scripts/2\n {\n  \"script\": {\n \"lang\": \"mustache\",\n \"source\": {\n   \"track_total_hits\": \"true\",\n   \"query\": {\n   \"match\": {\n   \"{{field}}\": \"{{value}}\"\n   }\n   }\n },\n \"params\": {\n   \"field\": \"DATA.DIED\",\n   \"value\": \"Y\"\n }\n  }\n }", "3": "POST _scripts/3\n {\n  \"script\": {\n \"lang\": \"mustache\",\n \"source\": {\n   \"track_total_hits\": \"true\",\n   \"query\": {\n   \"match\": {\n   \"{{field}}\":{\n   \"query\":\"{{text}}\",\n   \"fuzziness\":\"AUTO\",\n   \"operator\":\"AND\",\n   \"prefix_length\":2\n   }\n   }\n   }\n },\n \"params\": {\n   \"field\": \"SYMPTOMS\",\n   \"text\": \"Chills\"\n }\n  }\n }", "4": "POST _scripts/4\n {\n  \"script\": {\n \"lang\": \"mustache\",\n \"source\": {\n   \"track_total_hits\": \"true\",\n   \"query\": {\n   \"query_string\": {\n   \"query\": \"{{text}}\",\n   \"default_field\": \"{{field}}\",\n   \"fuzziness\": \"AUTO\",\n   \"fuzzy_prefix_length\":2\n   }\n   }\n },\n \"params\": {\n   \"field\": \"SYMPTOMS\",\n   \"text\": \"Chills\"\n }\n  }\n }"}