Give me all the patients who is from CA.,Query_field{condition==STATE#value==CA}
Give me all the patients who is 10 years old.  ,Query_field{condition==AGE_YRS#value==10}
List all the teenager patients 10 years old. ,Query_field{condition==AGE_YRS#value==10}
List all the old patients 10 years.,Query_field{condition==AGE_YRS#value==10}
Give me all the patients who priviously got vaccinated on 12/15/2020.,Query_field{condition==PRIOR_VAX_DATE#value==12/15/2020}
Search any vaccine recipients who had INFLUENZA shot.,Query_field{condition==VAX_NAME#value==INFLUENZA}
How many people got vaccine in  LA or RA?,Query_field{condition==VAX_NAME#value== LA||RA}
Give me all the patients whose age is range from 10 to 20.,"Query_field{condition==AGE_YRS#value==[10,20]}"
Give me all the cases where people have chills and visit a doctor after HIB (PEDVAXHIB)?,Query_field{{condition==SYMPTOM_TEXT#value==chills};{condition==OFC_VISIT#value==Y};{condition==VAX_NAME#value==HIB (PEDVAXHIB)}
Is there any patient chills after HIB (PEDVAXHIB) when coming for doctor?,Query_field{{condition==SYMPTOM_TEXT#value==chills};{condition==OFC_VISIT#value==Y};{condition==VAX_NAME#value==HIB (PEDVAXHIB)}
Give me all the age and gender of the patients who take test of muscle creatine.,Query_field{condition==LAB_DATA#value==muscle creatine}
Which other medicine taking and history having for the patients who have Ocular discomfort after covid-19?,Query_field{condition==VAX_NAME#value==covid-19};{condition==SYMPTOM_TEXT#value==Ocular discomfort}
"If the patients recovered from adverse event, who have Retinal disorder after covid-19?",Query_field{{condition==VAX_NAME#value==covid-19};{condition==SYMPTOM_TEXT#value==Retinal disorder}}
"For the patients who have Ocular discomfort, which vaccines did they get and other medicine did they take?",Query_field{condition===SYMPTOM_TEXT#value===Ocular discomfort}
Which other medicine taking and current illness having for the patients who have Ocular discomfort after covid-19?,Query_field{condition==VAX_NAME##value==covid-19};{condition==SYMPTOM_TEXT#value==Ocular discomfort}
How many patitents who got covid-19 between 2021/3/9 and 2021/4/6?,"Query_field{condition==VAX_NAME#value==covid-19};{condition==[VAX_DATE,VAX_DATE]#value==[2021/3/9,2021/4/6]};"
How many patitents who got vaccines between 2021/1/1 and 2021/2/2?  ,"Query_field{condition==[VAX_DATE,VAX_DATE]#value== [2021/1/1,2021/2/2]}"
Any patient got vacines from 2021/1/1 to 2021/2/2?,"Query_field{condition==[VAX_DATE,VAX_DATE]#value== [2021/1/1,2021/2/2]}"
Give me all the patients who is range from 10 to 15 and get covid-19.,"Query_field{condition==[AGE_YRS,AGE_YRS]#value==[10,15]};{condition==[VAX_NAME]#value== covid-19}"
 Is there any teenager (range from 10 to 15) get covid-19?  ,"Query_field{condition==[AGE_YRS,AGE_YRS]#value==[10,15]};{condition==[VAX_NAME]#value== covid-19}"
Are there any covid-19 for children (before 18) after covid-19 vaccine? ,"Query_field{condition==AGE_YRS##value==[,18]};{condition==[SYMPTOM_TEXT]#value==covid-19};{condition==[VAX_NAME]#value==covid-19}"
Give me all the children(before 18) have covid-19 after covid-19 vaccine.,"Query_field{condition==AGE_YRS#value==[,18]};{condition==[SYMPTOM_TEXT]#value==covid-19};{condition==[VAX_NAME]#value==covid-19}"
How many children(before 18) have covid-19 after covid-19 vaccine?,"Query_field{condition==AGE_YRS##value==[,18]};{condition==[SYMPTOM_TEXT]#value==covid-19};{condition==[VAX_NAME]#value==covid-19}"
How many cases where people died after getting HPV9?,Query_field{{condition==DIED#value==Y};{condition==VAX_NAME##value==HPV9}}
List all the cases where people died after getting HPV9.,Query_field{{condition==DIED#value==Y};{condition==VAX_NAME#value==HPV9}}
How many cases where people pass away after getting HPV9?,Query_field{{condition==DIED#value==Y};{condition==VAX_NAME##value==HPV9}}
How many cases where people have symptom fever after covid-19 as well as taking VARCEL before?,Query_field{{condition==SYMPTOM_TEXT##value==fever};{condition==VAX_NAME#value==covid-19};{condition==PRIOR_VAX#value==VARCEL}}
What is the average age of the patients who is died after getting HPV9,AVG(Query_field{{condition==DIED##value==Y};{condition==VAX_NAME##value==HPV9}}
List the top 5 states where have more patients who has pain,ARGMAX(5{Query_field{condition==SYMPTOM_TEXT#value==pain};Response_field{STATE})
Which gender of patients are suffered more from pain after HPV9?,ARGMAX(1{Query_field{{condition==SYMPTOM_TEXT##value==pain};{condition==VAX_NAME#value==HPV9}};Response_field{SEX})
Give me all the patients who is from CA.,Query_field{condition==STATE#value==CA}
Give me all the patients who is 10 years old.  ,Query_field{condition==AGE_YRS#value==10}
List all the teenager patients 10 years old. ,Query_field{condition==AGE_YRS#value==10}
List all the old patients 10 years.,Query_field{condition==AGE_YRS#value==10}
Give me all the patients who priviously got vaccinated on 12/15/2020.,Query_field{condition==PRIOR_VAX_DATE#value==12/15/2020}
Search any vaccine recipients who had INFLUENZA shot.,Query_field{condition==VAX_NAME#value==INFLUENZA}
How many people got vaccine in  LA or RA?,Query_field{condition==VAX_NAME#value== LA||RA}
Give me all the patients whose age is range from 10 to 20.,"Query_field{condition==AGE_YRS#value==[10,20]}"
Give me all the cases where people have chills and visit a doctor after HIB (PEDVAXHIB)?,Query_field{{condition==SYMPTOM_TEXT#value==chills};{condition==OFC_VISIT#value==Y};{condition==VAX_NAME#value==HIB (PEDVAXHIB)}
Is there any patient chills after HIB (PEDVAXHIB) when coming for doctor?,Query_field{{condition==SYMPTOM_TEXT#value==chills};{condition==OFC_VISIT#value==Y};{condition==VAX_NAME#value==HIB (PEDVAXHIB)}
Give me all the age and gender of the patients who take test of muscle creatine.,Query_field{condition==LAB_DATA#value==muscle creatine}
Which other medicine taking and history having for the patients who have Ocular discomfort after covid-19?,Query_field{condition==VAX_NAME#value==covid-19};{condition==SYMPTOM_TEXT#value==Ocular discomfort}
"If the patients recovered from adverse event, who have Retinal disorder after covid-19?",Query_field{{condition==VAX_NAME#value==covid-19};{condition==SYMPTOM_TEXT#value==Retinal disorder}}
"For the patients who have Ocular discomfort, which vaccines did they get and other medicine did they take?",Query_field{condition===SYMPTOM_TEXT#value===Ocular discomfort}
Which other medicine taking and current illness having for the patients who have Ocular discomfort after covid-19?,Query_field{condition==VAX_NAME##value==covid-19};{condition==SYMPTOM_TEXT#value==Ocular discomfort}
How many patitents who got covid-19 between 2021/3/9 and 2021/4/6?,"Query_field{condition==VAX_NAME#value==covid-19};{condition==[VAX_DATE,VAX_DATE]#value==[2021/3/9,2021/4/6]};"
How many patitents who got vaccines between 2021/1/1 and 2021/2/2?  ,"Query_field{condition==[VAX_DATE,VAX_DATE]#value== [2021/1/1,2021/2/2]}"
Any patient got vacines from 2021/1/1 to 2021/2/2?,"Query_field{condition==[VAX_DATE,VAX_DATE]#value== [2021/1/1,2021/2/2]}"
Give me all the patients who is range from 10 to 15 and get covid-19.,"Query_field{condition==[AGE_YRS,AGE_YRS]#value==[10,15]};{condition==[VAX_NAME]#value== covid-19}"
 Is there any teenager (range from 10 to 15) get covid-19?  ,"Query_field{condition==[AGE_YRS,AGE_YRS]#value==[10,15]};{condition==[VAX_NAME]#value== covid-19}"
Are there any covid-19 for children (before 18) after covid-19 vaccine? ,"Query_field{condition==AGE_YRS##value==[,18]};{condition==[SYMPTOM_TEXT]#value==covid-19};{condition==[VAX_NAME]#value==covid-19}"
Give me all the children(before 18) have covid-19 after covid-19 vaccine.,"Query_field{condition==AGE_YRS#value==[,18]};{condition==[SYMPTOM_TEXT]#value==covid-19};{condition==[VAX_NAME]#value==covid-19}"
How many children(before 18) have covid-19 after covid-19 vaccine?,"Query_field{condition==AGE_YRS##value==[,18]};{condition==[SYMPTOM_TEXT]#value==covid-19};{condition==[VAX_NAME]#value==covid-19}"
How many cases where people died after getting HPV9?,Query_field{{condition==DIED#value==Y};{condition==VAX_NAME##value==HPV9}}
List all the cases where people died after getting HPV9.,Query_field{{condition==DIED#value==Y};{condition==VAX_NAME#value==HPV9}}
How many cases where people pass away after getting HPV9?,Query_field{{condition==DIED#value==Y};{condition==VAX_NAME##value==HPV9}}
How many cases where people have symptom fever after covid-19 as well as taking VARCEL before?,Query_field{{condition==SYMPTOM_TEXT##value==fever};{condition==VAX_NAME#value==covid-19};{condition==PRIOR_VAX#value==VARCEL}}
What is the average age of the patients who is died after getting HPV9,AVG(Query_field{{condition==DIED##value==Y};{condition==VAX_NAME##value==HPV9}}
List the top 5 states where have more patients who has pain,ARGMAX(5{Query_field{condition==SYMPTOM_TEXT#value==pain};Response_field{STATE})
Which gender of patients are suffered more from pain after HPV9?,ARGMAX(1{Query_field{{condition==SYMPTOM_TEXT##value==pain};{condition==VAX_NAME#value==HPV9}};Response_field{SEX})
Give me all the patients who is from CA.,Query_field{condition==STATE#value==CA}
Give me all the patients who is 10 years old.  ,Query_field{condition==AGE_YRS#value==10}
List all the teenager patients 10 years old. ,Query_field{condition==AGE_YRS#value==10}
List all the old patients 10 years.,Query_field{condition==AGE_YRS#value==10}
Give me all the patients who priviously got vaccinated on 12/15/2020.,Query_field{condition==PRIOR_VAX_DATE#value==12/15/2020}
Search any vaccine recipients who had INFLUENZA shot.,Query_field{condition==VAX_NAME#value==INFLUENZA}
How many people got vaccine in  LA or RA?,Query_field{condition==VAX_NAME#value== LA||RA}
Give me all the patients whose age is range from 10 to 20.,"Query_field{condition==AGE_YRS#value==[10,20]}"
Give me all the cases where people have chills and visit a doctor after HIB (PEDVAXHIB)?,Query_field{{condition==SYMPTOM_TEXT#value==chills};{condition==OFC_VISIT#value==Y};{condition==VAX_NAME#value==HIB (PEDVAXHIB)}
Is there any patient chills after HIB (PEDVAXHIB) when coming for doctor?,Query_field{{condition==SYMPTOM_TEXT#value==chills};{condition==OFC_VISIT#value==Y};{condition==VAX_NAME#value==HIB (PEDVAXHIB)}
Give me all the age and gender of the patients who take test of muscle creatine.,Query_field{condition==LAB_DATA#value==muscle creatine}
Which other medicine taking and history having for the patients who have Ocular discomfort after covid-19?,Query_field{condition==VAX_NAME#value==covid-19};{condition==SYMPTOM_TEXT#value==Ocular discomfort}
"If the patients recovered from adverse event, who have Retinal disorder after covid-19?",Query_field{{condition==VAX_NAME#value==covid-19};{condition==SYMPTOM_TEXT#value==Retinal disorder}}
"For the patients who have Ocular discomfort, which vaccines did they get and other medicine did they take?",Query_field{condition===SYMPTOM_TEXT#value===Ocular discomfort}
Which other medicine taking and current illness having for the patients who have Ocular discomfort after covid-19?,Query_field{condition==VAX_NAME##value==covid-19};{condition==SYMPTOM_TEXT#value==Ocular discomfort}
How many patitents who got covid-19 between 2021/3/9 and 2021/4/6?,"Query_field{condition==VAX_NAME#value==covid-19};{condition==[VAX_DATE,VAX_DATE]#value==[2021/3/9,2021/4/6]};"
How many patitents who got vaccines between 2021/1/1 and 2021/2/2?  ,"Query_field{condition==[VAX_DATE,VAX_DATE]#value== [2021/1/1,2021/2/2]}"
Any patient got vacines from 2021/1/1 to 2021/2/2?,"Query_field{condition==[VAX_DATE,VAX_DATE]#value== [2021/1/1,2021/2/2]}"
Give me all the patients who is range from 10 to 15 and get covid-19.,"Query_field{condition==[AGE_YRS,AGE_YRS]#value==[10,15]};{condition==[VAX_NAME]#value== covid-19}"
 Is there any teenager (range from 10 to 15) get covid-19?  ,"Query_field{condition==[AGE_YRS,AGE_YRS]#value==[10,15]};{condition==[VAX_NAME]#value== covid-19}"
Are there any covid-19 for children (before 18) after covid-19 vaccine? ,"Query_field{condition==AGE_YRS##value==[,18]};{condition==[SYMPTOM_TEXT]#value==covid-19};{condition==[VAX_NAME]#value==covid-19}"
Give me all the children(before 18) have covid-19 after covid-19 vaccine.,"Query_field{condition==AGE_YRS#value==[,18]};{condition==[SYMPTOM_TEXT]#value==covid-19};{condition==[VAX_NAME]#value==covid-19}"
How many children(before 18) have covid-19 after covid-19 vaccine?,"Query_field{condition==AGE_YRS##value==[,18]};{condition==[SYMPTOM_TEXT]#value==covid-19};{condition==[VAX_NAME]#value==covid-19}"
How many cases where people died after getting HPV9?,Query_field{{condition==DIED#value==Y};{condition==VAX_NAME##value==HPV9}}
List all the cases where people died after getting HPV9.,Query_field{{condition==DIED#value==Y};{condition==VAX_NAME#value==HPV9}}
How many cases where people pass away after getting HPV9?,Query_field{{condition==DIED#value==Y};{condition==VAX_NAME##value==HPV9}}
How many cases where people have symptom fever after covid-19 as well as taking VARCEL before?,Query_field{{condition==SYMPTOM_TEXT##value==fever};{condition==VAX_NAME#value==covid-19};{condition==PRIOR_VAX#value==VARCEL}}
What is the average age of the patients who is died after getting HPV9,AVG(Query_field{{condition==DIED##value==Y};{condition==VAX_NAME##value==HPV9}}
List the top 5 states where have more patients who has pain,ARGMAX(5{Query_field{condition==SYMPTOM_TEXT#value==pain};Response_field{STATE})
Which gender of patients are suffered more from pain after HPV9?,ARGMAX(1{Query_field{{condition==SYMPTOM_TEXT##value==pain};{condition==VAX_NAME#value==HPV9}};Response_field{SEX})
Give me all the patients who is from CA.,Query_field{condition==STATE#value==CA}
Give me all the patients who is 10 years old.  ,Query_field{condition==AGE_YRS#value==10}
List all the teenager patients 10 years old. ,Query_field{condition==AGE_YRS#value==10}
List all the old patients 10 years.,Query_field{condition==AGE_YRS#value==10}
Give me all the patients who priviously got vaccinated on 12/15/2020.,Query_field{condition==PRIOR_VAX_DATE#value==12/15/2020}
Search any vaccine recipients who had INFLUENZA shot.,Query_field{condition==VAX_NAME#value==INFLUENZA}
How many people got vaccine in  LA or RA?,Query_field{condition==VAX_NAME#value== LA||RA}
Give me all the patients whose age is range from 10 to 20.,"Query_field{condition==AGE_YRS#value==[10,20]}"
Give me all the cases where people have chills and visit a doctor after HIB (PEDVAXHIB)?,Query_field{{condition==SYMPTOM_TEXT#value==chills};{condition==OFC_VISIT#value==Y};{condition==VAX_NAME#value==HIB (PEDVAXHIB)}
Is there any patient chills after HIB (PEDVAXHIB) when coming for doctor?,Query_field{{condition==SYMPTOM_TEXT#value==chills};{condition==OFC_VISIT#value==Y};{condition==VAX_NAME#value==HIB (PEDVAXHIB)}
Give me all the age and gender of the patients who take test of muscle creatine.,Query_field{condition==LAB_DATA#value==muscle creatine}
Which other medicine taking and history having for the patients who have Ocular discomfort after covid-19?,Query_field{condition==VAX_NAME#value==covid-19};{condition==SYMPTOM_TEXT#value==Ocular discomfort}
"If the patients recovered from adverse event, who have Retinal disorder after covid-19?",Query_field{{condition==VAX_NAME#value==covid-19};{condition==SYMPTOM_TEXT#value==Retinal disorder}}
"For the patients who have Ocular discomfort, which vaccines did they get and other medicine did they take?",Query_field{condition===SYMPTOM_TEXT#value===Ocular discomfort}
Which other medicine taking and current illness having for the patients who have Ocular discomfort after covid-19?,Query_field{condition==VAX_NAME##value==covid-19};{condition==SYMPTOM_TEXT#value==Ocular discomfort}
How many patitents who got covid-19 between 2021/3/9 and 2021/4/6?,"Query_field{condition==VAX_NAME#value==covid-19};{condition==[VAX_DATE,VAX_DATE]#value==[2021/3/9,2021/4/6]};"
How many patitents who got vaccines between 2021/1/1 and 2021/2/2?  ,"Query_field{condition==[VAX_DATE,VAX_DATE]#value== [2021/1/1,2021/2/2]}"
Any patient got vacines from 2021/1/1 to 2021/2/2?,"Query_field{condition==[VAX_DATE,VAX_DATE]#value== [2021/1/1,2021/2/2]}"
Give me all the patients who is range from 10 to 15 and get covid-19.,"Query_field{condition==[AGE_YRS,AGE_YRS]#value==[10,15]};{condition==[VAX_NAME]#value== covid-19}"
 Is there any teenager (range from 10 to 15) get covid-19?  ,"Query_field{condition==[AGE_YRS,AGE_YRS]#value==[10,15]};{condition==[VAX_NAME]#value== covid-19}"
Are there any covid-19 for children (before 18) after covid-19 vaccine? ,"Query_field{condition==AGE_YRS##value==[,18]};{condition==[SYMPTOM_TEXT]#value==covid-19};{condition==[VAX_NAME]#value==covid-19}"
Give me all the children(before 18) have covid-19 after covid-19 vaccine.,"Query_field{condition==AGE_YRS#value==[,18]};{condition==[SYMPTOM_TEXT]#value==covid-19};{condition==[VAX_NAME]#value==covid-19}"
How many children(before 18) have covid-19 after covid-19 vaccine?,"Query_field{condition==AGE_YRS##value==[,18]};{condition==[SYMPTOM_TEXT]#value==covid-19};{condition==[VAX_NAME]#value==covid-19}"
How many cases where people died after getting HPV9?,Query_field{{condition==DIED#value==Y};{condition==VAX_NAME##value==HPV9}}
List all the cases where people died after getting HPV9.,Query_field{{condition==DIED#value==Y};{condition==VAX_NAME#value==HPV9}}
How many cases where people pass away after getting HPV9?,Query_field{{condition==DIED#value==Y};{condition==VAX_NAME##value==HPV9}}
How many cases where people have symptom fever after covid-19 as well as taking VARCEL before?,Query_field{{condition==SYMPTOM_TEXT##value==fever};{condition==VAX_NAME#value==covid-19};{condition==PRIOR_VAX#value==VARCEL}}
What is the average age of the patients who is died after getting HPV9,AVG(Query_field{{condition==DIED##value==Y};{condition==VAX_NAME##value==HPV9}}
List the top 5 states where have more patients who has pain,ARGMAX(5{Query_field{condition==SYMPTOM_TEXT#value==pain};Response_field{STATE})
Which gender of patients are suffered more from pain after HPV9?,ARGMAX(1{Query_field{{condition==SYMPTOM_TEXT##value==pain};{condition==VAX_NAME#value==HPV9}};Response_field{SEX})
Give me all the patients who is from CA.,Query_field{condition==STATE#value==CA}
Give me all the patients who is 10 years old.  ,Query_field{condition==AGE_YRS#value==10}
List all the teenager patients 10 years old. ,Query_field{condition==AGE_YRS#value==10}
List all the old patients 10 years.,Query_field{condition==AGE_YRS#value==10}
Give me all the patients who priviously got vaccinated on 12/15/2020.,Query_field{condition==PRIOR_VAX_DATE#value==12/15/2020}
Search any vaccine recipients who had INFLUENZA shot.,Query_field{condition==VAX_NAME#value==INFLUENZA}
How many people got vaccine in  LA or RA?,Query_field{condition==VAX_NAME#value== LA||RA}
Give me all the patients whose age is range from 10 to 20.,"Query_field{condition==AGE_YRS#value==[10,20]}"
Give me all the cases where people have chills and visit a doctor after HIB (PEDVAXHIB)?,Query_field{{condition==SYMPTOM_TEXT#value==chills};{condition==OFC_VISIT#value==Y};{condition==VAX_NAME#value==HIB (PEDVAXHIB)}
Is there any patient chills after HIB (PEDVAXHIB) when coming for doctor?,Query_field{{condition==SYMPTOM_TEXT#value==chills};{condition==OFC_VISIT#value==Y};{condition==VAX_NAME#value==HIB (PEDVAXHIB)}
Give me all the age and gender of the patients who take test of muscle creatine.,Query_field{condition==LAB_DATA#value==muscle creatine}
Which other medicine taking and history having for the patients who have Ocular discomfort after covid-19?,Query_field{condition==VAX_NAME#value==covid-19};{condition==SYMPTOM_TEXT#value==Ocular discomfort}
"If the patients recovered from adverse event, who have Retinal disorder after covid-19?",Query_field{{condition==VAX_NAME#value==covid-19};{condition==SYMPTOM_TEXT#value==Retinal disorder}}
"For the patients who have Ocular discomfort, which vaccines did they get and other medicine did they take?",Query_field{condition===SYMPTOM_TEXT#value===Ocular discomfort}
Which other medicine taking and current illness having for the patients who have Ocular discomfort after covid-19?,Query_field{condition==VAX_NAME##value==covid-19};{condition==SYMPTOM_TEXT#value==Ocular discomfort}
How many patitents who got covid-19 between 2021/3/9 and 2021/4/6?,"Query_field{condition==VAX_NAME#value==covid-19};{condition==[VAX_DATE,VAX_DATE]#value==[2021/3/9,2021/4/6]};"
How many patitents who got vaccines between 2021/1/1 and 2021/2/2?  ,"Query_field{condition==[VAX_DATE,VAX_DATE]#value== [2021/1/1,2021/2/2]}"
Any patient got vacines from 2021/1/1 to 2021/2/2?,"Query_field{condition==[VAX_DATE,VAX_DATE]#value== [2021/1/1,2021/2/2]}"
Give me all the patients who is range from 10 to 15 and get covid-19.,"Query_field{condition==[AGE_YRS,AGE_YRS]#value==[10,15]};{condition==[VAX_NAME]#value== covid-19}"
 Is there any teenager (range from 10 to 15) get covid-19?  ,"Query_field{condition==[AGE_YRS,AGE_YRS]#value==[10,15]};{condition==[VAX_NAME]#value== covid-19}"
Are there any covid-19 for children (before 18) after covid-19 vaccine? ,"Query_field{condition==AGE_YRS##value==[,18]};{condition==[SYMPTOM_TEXT]#value==covid-19};{condition==[VAX_NAME]#value==covid-19}"
Give me all the children(before 18) have covid-19 after covid-19 vaccine.,"Query_field{condition==AGE_YRS#value==[,18]};{condition==[SYMPTOM_TEXT]#value==covid-19};{condition==[VAX_NAME]#value==covid-19}"
How many children(before 18) have covid-19 after covid-19 vaccine?,"Query_field{condition==AGE_YRS##value==[,18]};{condition==[SYMPTOM_TEXT]#value==covid-19};{condition==[VAX_NAME]#value==covid-19}"
How many cases where people died after getting HPV9?,Query_field{{condition==DIED#value==Y};{condition==VAX_NAME##value==HPV9}}
List all the cases where people died after getting HPV9.,Query_field{{condition==DIED#value==Y};{condition==VAX_NAME#value==HPV9}}
How many cases where people pass away after getting HPV9?,Query_field{{condition==DIED#value==Y};{condition==VAX_NAME##value==HPV9}}
How many cases where people have symptom fever after covid-19 as well as taking VARCEL before?,Query_field{{condition==SYMPTOM_TEXT##value==fever};{condition==VAX_NAME#value==covid-19};{condition==PRIOR_VAX#value==VARCEL}}
What is the average age of the patients who is died after getting HPV9,AVG(Query_field{{condition==DIED##value==Y};{condition==VAX_NAME##value==HPV9}}
List the top 5 states where have more patients who has pain,ARGMAX(5{Query_field{condition==SYMPTOM_TEXT#value==pain};Response_field{STATE})
Which gender of patients are suffered more from pain after HPV9?,ARGMAX(1{Query_field{{condition==SYMPTOM_TEXT##value==pain};{condition==VAX_NAME#value==HPV9}};Response_field{SEX})
